{"stats":{"minecraft:crafted":{"minecraft:wooden_sword":1,"spartanshields:wooden_tower_shield":1,"spartanshields:stone_tower_shield":1,"minecraft:cooked_mutton":5,"spartanweaponry:stone_halberd":1,"spartanweaponry:pole":1,"minecraft:crafting_table":2,"minecraft:air":0,"minecraft:jungle_planks":8,"minecraft:charcoal":6,"minecraft:stick":12,"minecraft:iron_pickaxe":1,"firstaid:bandage":1,"minecraft:acacia_planks":16,"minecraft:torch":16},"minecraft:broken":{"minecraft:iron_boots":1},"minecraft:dropped":{"minecraft:iron_sword":1,"minecraft:wheat_seeds":2,"minecraft:poisonous_potato":3,"minecraft:cobblestone":4,"minecraft:polished_andesite":1,"minecraft:stick":2,"minecraft:dirt":3,"pvz_zengarden:zengarden_guide":2,"farmersdelight:golden_knife":1,"zombie_extreme:baseball_bat":1,"minecraft:iron_leggings":1,"minecraft:wooden_sword":1,"horror_element_mod:impaled_head":1,"minecraft:cactus":1,"minecraft:string":30,"minecraft:white_wool":5,"minecraft:redstone":3,"minecraft:bone":2,"alexsmobs:animal_dictionary":2,"minecraft:rotten_flesh":10,"minecraft:light_gray_concrete":1,"supplementaries:ash":1,"zombie_extreme:golf_club":2,"minecraft:iron_chestplate":1,"minecraft:light_gray_bed":1,"bunker_down:underroot_stage_1":2,"minecraft:brown_concrete":5},"minecraft:killed":{"undead_revamp2:thesmoker":2,"minecraft:skeleton":3,"zombie_extreme:runner":1,"minecraft:husk":1,"gore:husk_without_arms":1,"gore:zombie_without_head":1,"zombie_extreme:infected_military":1,"zombie_extreme:infected":1,"minecraft:creeper":2,"minecraft:sheep":8,"undead_revamp2:thesomnolence":1,"minecraft:zombie":6,"zombie_extreme:infected_police":2,"zombie_extreme:assasin_black_ops":1},"minecraft:mined":{"minecraft:lever":2,"minecraft:ladder":18,"minecraft:red_sand":3,"minecraft:acacia_log":9,"minecraft:grass_block":1,"minecraft:jungle_planks":2,"minecraft:jungle_log":2,"zombie_extreme:iron_table":1,"minecraft:light_gray_bed":10,"minecraft:redstone_wire":1,"minecraft:iron_ore":1,"minecraft:cobbled_deepslate":1,"bunker_down:steel_vent":1,"minecraft:gold_block":1,"minecraft:sculk_shrieker":1,"minecraft:bookshelf":21,"zombie_extreme:oil_shale_sand":5,"minecraft:iron_bars":3,"horror_element_mod:crucified_body":1,"bunker_down:steel_block":1,"minecraft:stone":90,"minecraft:white_wool":1,"minecraft:tripwire":2,"minecraft:redstone_wall_torch":1,"jeg:scrap_ore":8,"minecraft:orange_terracotta":1,"minecraft:crafting_table":3,"minecraft:dead_bush":2,"zombie_extreme:barbed_fence":1,"minecraft:glass":2,"minecraft:cobblestone":1,"minecraft:sugar_cane":18,"minecraft:oak_planks":6,"minecraft:bricks":15,"minecraft:amethyst_block":1,"scguns:gun_bench":2,"horror_element_mod:impaled_head":1,"minecraft:white_terracotta":3,"minecraft:redstone_torch":1,"minecraft:grass":8,"minecraft:sand":2,"minecraft:dirt":4,"minecraft:cobweb":53,"minecraft:terracotta":8,"minecraft:stone_bricks":2,"minecraft:gold_ore":6},"minecraft:custom":{"minecraft:mob_kills":33,"minecraft:interact_with_crafting_table":20,"minecraft:open_barrel":2,"minecraft:damage_dealt_resisted":48,"minecraft:leave_game":7,"minecraft:time_since_death":13002,"minecraft:climb_one_cm":58163,"minecraft:sprint_one_cm":392982,"minecraft:walk_one_cm":305863,"minecraft:damage_blocked_by_shield":580,"minecraft:drop":43,"minecraft:talked_to_villager":1,"minecraft:play_time":189039,"minecraft:sneak_time":15749,"minecraft:deaths":15,"minecraft:walk_under_water_one_cm":2188,"minecraft:jump":2705,"minecraft:interact_with_blast_furnace":2,"minecraft:walk_on_water_one_cm":21805,"minecraft:total_world_time":189039,"minecraft:interact_with_furnace":14,"spartanshields:shield_bash_hits":1,"minecraft:interact_with_loom":6,"minecraft:sleep_in_bed":10,"minecraft:time_since_rest":13269,"minecraft:damage_taken":4430,"minecraft:trigger_trapped_chest":1,"minecraft:damage_dealt":6153,"minecraft:swim_one_cm":34830,"minecraft:player_kills":2,"minecraft:fly_one_cm":333709,"minecraft:open_chest":36,"minecraft:crouch_one_cm":41284,"minecraft:fall_one_cm":86378},"minecraft:killed_by":{"minecraft:husk":1,"minecraft:player":4,"zombie_extreme:assasin_black_ops":1,"zombie_extreme:ram":1,"zombie_extreme:infected_police":1,"zombie_extreme:zero_patient":1,"minecraft:skeleton":3,"scguns:swarm":1},"minecraft:used":{"zombie_extreme:butcher_knife":25,"zombie_extreme:barbed_fence":1,"minecraft:red_sand":3,"minecraft:iron_bars":3,"minecraft:ladder":18,"minecraft:white_terracotta":2,"minecraft:brown_concrete":1,"minecraft:iron_sword":112,"zombie_extreme:vodka":1,"minecraft:iron_chestplate":1,"minecraft:dirt":3,"minecraft:jungle_planks":3,"jeg:grenade":1,"minecraft:bricks":14,"minecraft:iron_helmet":1,"minecraft:iron_boots":2,"minecraft:stone_bricks":2,"zombie_extreme:iron_table":1,"zombie_extreme:green_apple":1,"minecraft:cobbled_deepslate":1,"minecraft:light_gray_bed":9,"zombie_extreme:pill_anti_hunger":1,"minecraft:iron_leggings":3,"minecraft:cooked_mutton":2,"bunker_down:steel_vent":1,"scguns:gun_bench":1,"minecraft:cactus":1,"minecraft:cookie":2,"minecraft:white_wool":1,"minecraft:golden_apple":1,"minecraft:terracotta":5,"minecraft:sand":2,"minecraft:crafting_table":3,"zombie_extreme:golf_club":47,"spartanshields:stone_tower_shield":22,"minecraft:redstone_torch":2,"minecraft:lever":3,"bunker_down:steel_block":2,"bunker_down:steel_block_slab":1,"minecraft:string":2,"minecraft:iron_pickaxe":157,"minecraft:bread":8,"zombie_extreme:syringe_drug":1,"minecraft:golden_leggings":1,"minecraft:cobblestone":46,"minecraft:black_candle":2,"alexsmobs:animal_dictionary":2,"zombie_extreme:cat_food":3},"minecraft:picked_up":{"minecraft:crafting_table":8,"minecraft:iron_chestplate":4,"minecraft:wheat":15,"minecraft:ladder":18,"minecraft:gold_block":1,"zombie_extreme:pill_anti_hunger":1,"zombie_extreme:iron_table":1,"minecraft:amethyst_block":1,"minecraft:string":101,"zombie_extreme:chips":16,"minecraft:iron_leggings":4,"spartanshields:stone_tower_shield":3,"zombie_extreme:golf_club":10,"minecraft:red_sand":3,"minecraft:cobbled_deepslate":1,"spartanweaponry:stone_halberd":3,"minecraft:redstone_torch":3,"minecraft:iron_pickaxe":7,"zombie_extreme:oil_shale":4,"minecraft:sugar_cane":150,"minecraft:iron_boots":2,"minecraft:stick":4,"minecraft:raw_iron":6,"scguns:anthralite_ingot":16,"minecraft:torch":52,"minecraft:acacia_log":9,"zombie_extreme:dog_food":2,"zombie_extreme:canned_stew":9,"minecraft:redstone":12,"horror_element_mod:impaled_head":1,"minecraft:arrow":14,"minecraft:cactus":2,"minecraft:light_gray_bed":24,"minecraft:rotten_flesh":25,"pvz_zengarden:zengarden_guide":7,"zombie_extreme:rotten_apple":90,"minecraft:white_terracotta":2,"supplementaries:ash":1,"zombie_extreme:butcher_knife":1,"minecraft:obsidian":15,"minecraft:mutton":23,"minecraft:iron_bars":3,"minecraft:white_wool":8,"minecraft:cobblestone":229,"minecraft:jungle_log":2,"bunker_down:steel_vent":1,"minecraft:brown_concrete":6,"jeg:scrap":68,"minecraft:gunpowder":3,"minecraft:dirt":8,"jeg:grenade":2,"bunker_down:steel_block":1,"minecraft:cooked_mutton":10,"minecraft:bone":6,"minecraft:acacia_planks":12,"minecraft:stone_bricks":2,"minecraft:wheat_seeds":2,"minecraft:raw_gold":36,"zombie_extreme:barbed_fence":7,"zombie_extreme:cloth":6,"minecraft:iron_sword":9,"minecraft:oak_planks":8,"jeg:tech_trash":8,"minecraft:book":63,"zombie_extreme:canned_beans":6,"firstaid:plaster":1,"minecraft:black_candle":18,"bunker_down:underroot_stage_1":2,"minecraft:poisonous_potato":3,"minecraft:sand":2,"minecraft:jungle_planks":3,"alexsmobs:animal_dictionary":14,"bunker_down:steel_block_slab":1,"minecraft:light_gray_concrete":1,"minecraft:polished_andesite":1,"minecraft:lever":3,"scguns:gun_bench":2,"minecraft:bread":21,"minecraft:terracotta":9,"minecraft:black_wool":1,"minecraft:bricks":14}},"DataVersion":3465}