{"stats":{"minecraft:crafted":{"minecraft:cookie":8,"minecraft:furnace":2,"minecraft:cobblestone_stairs":40,"minecraft:bone_meal":3,"minecraft:iron_boots":1,"minecraft:stone_pickaxe":2,"minecraft:jungle_fence":24,"minecraft:stone_hoe":1,"minecraft:crafting_table":3,"minecraft:wooden_pickaxe":1,"minecraft:iron_helmet":1,"spartanweaponry:handle":5,"minecraft:cooked_salmon":0,"minecraft:bucket":1,"minecraft:stone_axe":1,"minecraft:air":0,"minecraft:jungle_planks":84,"pvz_zengarden:sprout":4,"minecraft:jungle_door":3,"minecraft:iron_chestplate":1,"minecraft:stick":44,"minecraft:iron_ingot":33,"minecraft:iron_pickaxe":1,"minecraft:wooden_axe":1,"minecraft:iron_leggings":1,"minecraft:torch":36,"spartanweaponry:stone_battleaxe":1},"minecraft:broken":{"minecraft:stone_pickaxe":2,"minecraft:iron_pickaxe":1,"minecraft:wooden_axe":1},"minecraft:dropped":{"minecraft:glass_bottle":1,"minecraft:feather":1,"pvz_zengarden:sprout":2,"zombie_extreme:crowbar":1,"zombie_extreme:rotten_apple":1,"zombie_extreme:soda_used":1,"pvz_zengarden:zengarden_guide":1,"minecraft:jungle_sapling":2,"jeg:tech_trash":4,"alexsmobs:animal_dictionary":1,"minecraft:raw_copper":7,"minecraft:rotten_flesh":8,"minecraft:big_dripleaf":3,"zombie_extreme:oil_shale":1,"minecraft:oak_sapling":1},"minecraft:killed":{"minecraft:spider":1,"minecraft:skeleton":1,"zombie_extreme:revived":1,"gore:zombie_without_legs_and_arm":1,"minecraft:pig":2,"zombie_extreme:infected":2,"zombie_extreme:infected_hazmat":1,"minecraft:salmon":1,"alexsmobs:seal":1,"minecraft:sheep":1,"minecraft:zombie":5,"zombie_extreme:assasin_black_ops":1},"minecraft:custom":{"minecraft:mob_kills":20,"minecraft:animals_bred":1,"minecraft:interact_with_crafting_table":32,"minecraft:open_barrel":2,"minecraft:leave_game":8,"minecraft:time_since_death":13719,"minecraft:climb_one_cm":46058,"minecraft:sprint_one_cm":430275,"minecraft:walk_one_cm":411539,"minecraft:drop":18,"minecraft:talked_to_villager":2,"minecraft:play_time":171330,"minecraft:deaths":11,"minecraft:sneak_time":6494,"minecraft:walk_under_water_one_cm":2608,"minecraft:jump":3432,"minecraft:interact_with_blast_furnace":1,"minecraft:walk_on_water_one_cm":16000,"minecraft:total_world_time":171330,"minecraft:interact_with_furnace":21,"minecraft:traded_with_villager":1,"minecraft:interact_with_cartography_table":1,"minecraft:sleep_in_bed":10,"minecraft:time_since_rest":13744,"minecraft:damage_taken":2306,"minecraft:trigger_trapped_chest":3,"minecraft:damage_dealt":4235,"minecraft:swim_one_cm":20737,"minecraft:fly_one_cm":362619,"minecraft:open_chest":19,"minecraft:crouch_one_cm":20385,"minecraft:interact_with_smoker":3,"minecraft:fall_one_cm":62931},"minecraft:mined":{"minecraft:farmland":8,"minecraft:cobblestone_stairs":7,"minecraft:jungle_leaves":22,"minecraft:granite":38,"minecraft:grass_block":1,"minecraft:jungle_log":23,"minecraft:iron_ore":38,"zombie_extreme:decomposing_backpack":1,"minecraft:andesite":1,"minecraft:target":1,"minecraft:polished_deepslate":1,"zombie_extreme:oil_shale_sand":1,"minecraft:vine":6,"minecraft:stripped_jungle_log":1,"horror_element_mod:sliced_body":1,"zombie_extreme:fridge":1,"minecraft:stone":312,"minecraft:redstone_wall_torch":2,"jeg:scrap_ore":3,"minecraft:glass_pane":8,"horror_element_mod:beheaded_body":1,"horror_element_mod:dead_pig":1,"minecraft:clay":2,"minecraft:crafting_table":1,"minecraft:torch":4,"minecraft:melon":4,"minecraft:copper_ore":2,"minecraft:cobblestone":2,"zombie_extreme:computer_monitor":2,"minecraft:diorite":81,"minecraft:wall_torch":8,"minecraft:big_dripleaf":1,"supplementaries:urn":1,"minecraft:coarse_dirt":6,"minecraft:redstone_torch":3,"minecraft:wheat":8,"minecraft:grass":9,"minecraft:coal_ore":22,"horror_element_mod:dead_cow":1,"minecraft:cocoa":2,"minecraft:sand":3,"minecraft:dirt":19,"horror_element_mod:colonial_marine_body":2,"minecraft:oak_leaves":16,"scguns:sulfur_ore":11,"minecraft:fern":1},"minecraft:killed_by":{"zombie_extreme:assasin_black_ops":2,"zombie_extreme:infected_military":1,"minecraft:zombie":3,"scguns:swarm":1},"minecraft:used":{"spartanweaponry:stone_battleaxe":57,"minecraft:cooked_salmon":1,"minecraft:stone_hoe":28,"zombie_extreme:vodka":1,"minecraft:torch":42,"minecraft:dirt":40,"minecraft:target":1,"minecraft:jungle_planks":4,"minecraft:granite":7,"minecraft:wooden_axe":49,"zombie_extreme:fridge":1,"zombie_extreme:computer_monitor":2,"minecraft:furnace":2,"zombie_extreme:soda":1,"alexsmobs:banana":1,"minecraft:egg":1,"minecraft:pointed_dripstone":1,"zombie_extreme:pill_anti_hunger":1,"minecraft:wheat_seeds":15,"minecraft:water_bucket":31,"minecraft:diorite":25,"minecraft:cobblestone_stairs":47,"zombie_extreme:decomposing_backpack":4,"minecraft:glass_bottle":2,"minecraft:stone_pickaxe":260,"minecraft:jungle_fence":24,"minecraft:wooden_pickaxe":34,"minecraft:blue_bed":1,"minecraft:white_wool":1,"zombie_extreme:chips":2,"minecraft:cookie":8,"minecraft:sand":3,"minecraft:crafting_table":4,"minecraft:redstone_torch":7,"minecraft:apple":1,"minecraft:bread":6,"zombie_extreme:radio_installation":1,"minecraft:iron_pickaxe":254,"minecraft:melon_slice":17,"minecraft:stone_axe":46,"minecraft:cobblestone":77,"minecraft:potion":2,"minecraft:jungle_door":1,"minecraft:andesite":1,"minecraft:bucket":32,"minecraft:bone_meal":3},"minecraft:picked_up":{"minecraft:cocoa_beans":16,"minecraft:crafting_table":1,"minecraft:iron_chestplate":3,"minecraft:wheat":6,"minecraft:clay_ball":24,"minecraft:wooden_pickaxe":8,"zombie_extreme:pill_anti_hunger":1,"zombie_extreme:baseball_bat":3,"zombie_extreme:decomposing_backpack":6,"minecraft:polished_deepslate":1,"minecraft:string":46,"minecraft:raw_copper":42,"zombie_extreme:chips":1,"minecraft:iron_leggings":3,"alexsmobs:banana":1,"minecraft:redstone_torch":5,"minecraft:jungle_sapling":12,"zombie_extreme:oil_shale":1,"minecraft:melon_slice":62,"zombie_extreme:ignotsteel":3,"minecraft:iron_boots":3,"minecraft:egg":15,"minecraft:stick":22,"minecraft:raw_iron":53,"minecraft:jungle_door":4,"minecraft:big_dripleaf":3,"minecraft:torch":35,"minecraft:porkchop":6,"minecraft:target":1,"zombie_extreme:tin_plate":3,"minecraft:pointed_dripstone":1,"minecraft:diorite":176,"zombie_extreme:radio_installation":3,"minecraft:rotten_flesh":48,"pvz_zengarden:zengarden_guide":6,"zombie_extreme:rotten_apple":1,"spartanweaponry:stone_battleaxe":3,"minecraft:mutton":1,"minecraft:white_wool":2,"minecraft:cobblestone":1147,"zombie_extreme:frying_pan":1,"minecraft:feather":1,"spartanweaponry:handle":4,"minecraft:andesite":1,"minecraft:water_bucket":3,"minecraft:salmon":1,"minecraft:jungle_log":24,"minecraft:leather":2,"zombie_extreme:computer_monitor":2,"pvz_zengarden:sprout":2,"minecraft:cobblestone_stairs":7,"zombie_extreme:crowbar":6,"minecraft:dirt":121,"minecraft:bone":2,"minecraft:apple":5,"minecraft:wheat_seeds":22,"minecraft:stone_pickaxe":5,"minecraft:iron_ingot":9,"zombie_extreme:cloth":11,"minecraft:glass_bottle":2,"scguns:sulfur_chunk":53,"minecraft:iron_sword":2,"zombie_extreme:fridge":1,"jeg:tech_trash":4,"minecraft:stone_hoe":3,"minecraft:jungle_planks":340,"minecraft:sand":3,"minecraft:stripped_jungle_log":1,"minecraft:stone_axe":8,"minecraft:iron_helmet":3,"minecraft:granite":281,"minecraft:bread":33,"minecraft:emerald":10,"minecraft:oak_sapling":1,"minecraft:coal":97}},"DataVersion":3465}