{"stats":{"minecraft:used":{"minecraft:light_gray_bed":5},"minecraft:custom":{"minecraft:jump":71,"minecraft:time_since_rest":3239,"minecraft:crouch_one_cm":948,"minecraft:sprint_one_cm":2402,"minecraft:leave_game":3,"minecraft:play_time":3239,"minecraft:time_since_death":3239,"minecraft:walk_one_cm":8650,"minecraft:sneak_time":279,"minecraft:total_world_time":3239,"minecraft:climb_one_cm":2402,"minecraft:fall_one_cm":750,"minecraft:fly_one_cm":1227},"minecraft:picked_up":{"pvz_zengarden:zengarden_guide":1,"minecraft:light_gray_bed":5},"minecraft:mined":{"minecraft:light_gray_bed":5}},"DataVersion":3465}