{"stats":{"minecraft:used":{"minecraft:chest":1,"minecraft:cobweb":4,"minecraft:light_gray_bed":5},"minecraft:custom":{"minecraft:time_since_rest":10673,"minecraft:open_chest":4,"minecraft:crouch_one_cm":2980,"minecraft:sprint_one_cm":24740,"minecraft:play_time":10673,"minecraft:walk_one_cm":28902,"minecraft:sneak_time":1177,"minecraft:walk_under_water_one_cm":462,"minecraft:jump":223,"minecraft:leave_game":5,"minecraft:walk_on_water_one_cm":2069,"minecraft:time_since_death":10673,"minecraft:climb_one_cm":3854,"minecraft:total_world_time":10673,"minecraft:swim_one_cm":3093,"minecraft:interact_with_crafting_table":1,"minecraft:fall_one_cm":1172,"minecraft:fly_one_cm":27201},"minecraft:picked_up":{"minecraft:light_gray_bed":6,"pvz_zengarden:zengarden_guide":1,"minecraft:chest":1,"minecraft:string":5},"minecraft:mined":{"minecraft:chest":1,"minecraft:light_gray_bed":6}},"DataVersion":3465}