{"stats":{"minecraft:used":{"minecraft:ladder":1,"minecraft:chest":7,"minecraft:white_terracotta":3,"minecraft:shield":44,"minecraft:iron_sword":9,"minecraft:brown_concrete":1,"minecraft:iron_chestplate":4,"zombie_extreme:iron_table":1,"minecraft:furnace":5,"zombie_extreme:fireaxe":162,"minecraft:stone_pickaxe":214,"minecraft:wooden_pickaxe":14,"minecraft:leather_chestplate":1,"minecraft:sandstone":11,"minecraft:cookie":1,"minecraft:glow_berries":3,"minecraft:blast_furnace":1,"spartanweaponry:diamond_scythe":11,"minecraft:chiseled_sandstone":1,"minecraft:light_gray_concrete":3,"minecraft:bread":7,"zombie_extreme:wooden_chair":2,"minecraft:oak_pressure_plate":2,"zombie_extreme:pipe":35,"zombie_extreme:trader_table":2,"minecraft:cooked_rabbit":1,"minecraft:andesite":3,"minecraft:cobweb":36,"zombie_extreme:butcher_knife":2,"zombie_extreme:barbed_fence":5,"minecraft:armor_stand":2,"zombie_extreme:wooden_barricades":2,"zombie_extreme:vodka":1,"minecraft:torch":9,"minecraft:dirt":29,"zombie_extreme:canned_beans":2,"bunker_down:brittle_pickaxe":13,"minecraft:granite":2,"alexsmobs:maggot":1,"zombie_extreme:canned_stew":2,"alexscaves:spelunkery_table":1,"minecraft:gunpowder":1,"zombie_extreme:soda":1,"minecraft:acacia_planks":8,"minecraft:orange_terracotta":1,"zombie_extreme:wire":4,"minecraft:light_gray_bed":6,"minecraft:pointed_dripstone":1,"minecraft:iron_leggings":1,"minecraft:acacia_boat":2,"zombie_extreme:decomposing_backpack":1,"minecraft:polished_andesite":3,"minecraft:cut_sandstone":4,"minecraft:green_bed":3,"zombie_extreme:rotten_apple":1,"zombie_extreme:chips":5,"minecraft:polished_deepslate_slab":8,"minecraft:crafting_table":11,"pvz_zengarden:gardening_table":2,"minecraft:iron_pickaxe":240,"minecraft:stone_axe":47,"minecraft:cobblestone":20,"minecraft:cobbled_deepslate_slab":5,"zombie_extreme:cat_food":1},"minecraft:mined":{"minecraft:stone_pressure_plate":1,"minecraft:sculk_vein":1,"zombie_extreme:trader_table":10,"minecraft:brewing_stand":2,"minecraft:granite":13,"minecraft:acacia_log":20,"minecraft:grass_block":9,"minecraft:jungle_log":4,"minecraft:cracked_polished_blackstone_bricks":1,"minecraft:light_gray_bed":6,"zombie_extreme:shelf":2,"minecraft:oak_pressure_plate":2,"minecraft:coal_block":5,"minecraft:spawner":2,"zombie_extreme:wooden_chair":6,"graveyard:wither_skull_with_rib_cage":1,"zombie_extreme:cash_register":2,"horror_element_mod:villager_head":1,"minecraft:iron_ore":41,"zombie_extreme:decomposing_backpack":2,"zombie_extreme:ore_steel":12,"graveyard:leaning_wither_skeleton":1,"minecraft:moss_carpet":1,"minecraft:pumpkin":9,"minecraft:sculk_shrieker":1,"minecraft:cave_vines":1,"minecraft:polished_deepslate_slab":13,"minecraft:iron_bars":6,"minecraft:light_gray_concrete":1,"pvz_zengarden:gardening_table":1,"graveyard:wither_skull_pile":1,"minecraft:green_bed":3,"minecraft:cut_sandstone":4,"horror_element_mod:dead_pig":1,"minecraft:orange_terracotta":1,"minecraft:blast_furnace":1,"minecraft:chest":3,"minecraft:white_stained_glass_pane":2,"minecraft:dead_bush":10,"zombie_extreme:barbed_fence":6,"minecraft:cobblestone":13,"graveyard:skeleton_hand":2,"minecraft:slime_block":2,"graveyard:lying_skeleton":1,"minecraft:sugar_cane":24,"minecraft:oak_planks":13,"minecraft:bricks":7,"minecraft:iron_door":1,"minecraft:skeleton_skull":1,"minecraft:white_terracotta":9,"graveyard:wither_skeleton_hand":1,"minecraft:mud":1,"minecraft:nether_wart_block":1,"zombie_extreme:thorium_ore":1,"minecraft:tinted_glass":5,"bunker_down:steel_block_slab":4,"graveyard:dark_oak_coffin":1,"graveyard:skull_pile":4,"minecraft:grass":42,"graveyard:creeper_skeleton":2,"minecraft:oak_log":17,"minecraft:sand":3,"minecraft:dirt":36,"minecraft:oak_leaves":9,"minecraft:deepslate":1,"scguns:sulfur_ore":8,"alexscaves:spelunkery_table":1,"minecraft:brown_concrete":1,"minecraft:ladder":1,"minecraft:cobbled_deepslate_slab":11,"zombie_extreme:microwave":1,"minecraft:brick_stairs":1,"graveyard:tg_deepslate":2,"zombie_extreme:iron_table":2,"minecraft:redstone_wire":1,"zombie_extreme:dead_body":1,"zombie_extreme:empty_cans":1,"minecraft:spruce_leaves":7,"minecraft:moss_block":2,"minecraft:sandstone":14,"minecraft:hay_block":19,"minecraft:furnace":1,"zombie_extreme:wooden_barricades":2,"zombie_extreme:ore_lead":1,"minecraft:chiseled_sandstone":1,"minecraft:andesite":4,"supplementaries:gunpowder":1,"zombie_extreme:wire":7,"minecraft:bookshelf":5,"zombie_extreme:oil_shale_sand":6,"minecraft:deepslate_iron_ore":5,"minecraft:vine":3,"minecraft:stripped_oak_log":1,"bunker_down:steel_block":2,"scguns:deepslate_sulfur_ore":3,"minecraft:stone":143,"minecraft:bone_block":2,"zombie_extreme:radio_installation":1,"minecraft:acacia_leaves":6,"minecraft:scaffolding":1,"jeg:scrap_ore":9,"minecraft:glass_pane":7,"minecraft:oak_fence":3,"minecraft:crafting_table":5,"minecraft:copper_ore":4,"farmersdelight:wild_tomatoes":2,"minecraft:lapis_ore":2,"horror_element_mod:trapped_leg":1,"graveyard:vase_block":4,"graveyard:skull_with_rib_cage":2,"minecraft:mangrove_leaves":1,"k_turrets:titanium_ore":3,"minecraft:coal_ore":18,"minecraft:gravel":1,"graveyard:leaning_skeleton":4,"minecraft:cobweb":9,"minecraft:stone_bricks":5,"minecraft:polished_andesite":2},"minecraft:picked_up":{"zombie_extreme:wooden_barricades":2,"minecraft:iron_chestplate":8,"alexscaves:cave_tablet":6,"minecraft:enchanted_book":3,"zombie_extreme:iron_table":2,"minecraft:brewing_stand":2,"zombie_extreme:decomposing_backpack":2,"minecraft:string":86,"minecraft:raw_copper":34,"zombie_extreme:chips":3,"minecraft:iron_leggings":6,"minecraft:armor_stand":4,"zombie_extreme:golf_club":1,"minecraft:red_sand":8,"minecraft:cobbled_deepslate":6,"minecraft:bucket":2,"minecraft:iron_pickaxe":7,"zombie_extreme:oil_shale":12,"minecraft:coal_block":5,"minecraft:furnace":2,"minecraft:iron_boots":6,"minecraft:stick":24,"zombie_extreme:wooden_chair":6,"minecraft:oak_fence":6,"minecraft:acacia_log":27,"minecraft:torch":7,"minecraft:green_bed":3,"zombie_extreme:empty_cans":1,"minecraft:pointed_dripstone":1,"zombie_extreme:radio_installation":1,"zombie_extreme:soda":3,"minecraft:cactus":28,"minecraft:light_gray_bed":8,"minecraft:rotten_flesh":81,"zombie_extreme:rotten_apple":9,"minecraft:white_terracotta":13,"zombie_extreme:microwave":1,"minecraft:iron_bars":8,"minecraft:cobblestone":297,"minecraft:dune_armor_trim_smithing_template":2,"minecraft:leather_chestplate":1,"minecraft:feather":2,"zombie_extreme:fireaxe":6,"bunker_down:brittle_pickaxe":2,"farmersdelight:rice":4,"minecraft:iron_door":2,"minecraft:andesite":9,"minecraft:jungle_log":4,"zombie_extreme:wire":4,"alexscaves:cave_book":2,"minecraft:flint":5,"jeg:scrap":32,"pvz_zengarden:sprout":6,"minecraft:wither_skeleton_skull":1,"minecraft:lapis_lazuli":30,"minecraft:dirt":84,"minecraft:name_tag":2,"minecraft:leather_boots":1,"minecraft:bone":222,"minecraft:acacia_planks":75,"minecraft:wheat_seeds":10,"minecraft:cobbled_deepslate_slab":10,"minecraft:dark_oak_sign":4,"zombie_extreme:shelf":2,"minecraft:rabbit":1,"scguns:sulfur_chunk":47,"minecraft:moss_block":1,"minecraft:oak_planks":61,"zombie_extreme:syringe_drug":7,"minecraft:oak_pressure_plate":5,"minecraft:poisonous_potato":6,"minecraft:jungle_planks":5,"minecraft:sand":16,"minecraft:chiseled_sandstone":1,"minecraft:red_terracotta":2,"alexsmobs:animal_dictionary":4,"zombie_extreme:vodka":1,"minecraft:light_gray_concrete":3,"minecraft:polished_andesite":6,"minecraft:diamond":1,"minecraft:slime_block":2,"minecraft:cracked_polished_blackstone_bricks":1,"minecraft:granite":24,"horror_element_mod:trapped_leg":1,"minecraft:bone_meal":31,"zombie_extreme:raw_thorium":1,"minecraft:bread":30,"minecraft:emerald":6,"alexsmobs:maggot":1,"minecraft:bricks":9,"minecraft:mud":1,"minecraft:crafting_table":10,"minecraft:ladder":1,"minecraft:leather_leggings":1,"minecraft:wooden_pickaxe":1,"minecraft:brick":1,"minecraft:shield":7,"minecraft:moss_carpet":1,"graveyard:corruption":13,"minecraft:tinted_glass":5,"minecraft:chest":3,"minecraft:sugar_cane":85,"zombie_extreme:ignotsteel":2,"minecraft:egg":1,"minecraft:raw_iron":58,"minecraft:sandstone":17,"minecraft:polished_deepslate_slab":13,"minecraft:copper_ingot":16,"zombie_extreme:soda_used":1,"minecraft:bowl":12,"zombie_extreme:dog_food":5,"farmersdelight:tomato_seeds":1,"zombie_extreme:canned_stew":1,"minecraft:cookie":9,"minecraft:redstone":48,"minecraft:stone_pressure_plate":1,"zombie_extreme:green_apple":2,"minecraft:arrow":4,"zombie_extreme:bandage":2,"zombie_extreme:cash_register":2,"k_turrets:raw_titanium":6,"minecraft:hay_block":64,"pvz_zengarden:zengarden_guide":5,"alexscaves:spelunkery_table":2,"minecraft:gold_ingot":9,"firstaid:bandage":2,"minecraft:brick_stairs":1,"minecraft:glow_berries":2,"minecraft:skeleton_skull":5,"minecraft:bone_block":8,"minecraft:stripped_oak_log":1,"minecraft:golden_carrot":7,"minecraft:glow_ink_sac":6,"minecraft:cut_sandstone":4,"minecraft:leather":19,"minecraft:brown_concrete":4,"minecraft:oak_log":32,"zombie_extreme:bronze_nugget":4,"minecraft:gunpowder":41,"minecraft:paper":15,"zombie_extreme:raw_steel":24,"zombie_extreme:dead_body":1,"bunker_down:steel_block":2,"zombie_extreme:raw_lead":1,"jeg:grenade":1,"minecraft:orange_terracotta":2,"minecraft:stone_bricks":5,"zombie_extreme:barbed_fence":16,"minecraft:iron_ingot":17,"minecraft:stone_pickaxe":5,"minecraft:cobweb":61,"zombie_extreme:cloth":7,"minecraft:glass_bottle":3,"jeg:tech_trash":6,"minecraft:acacia_sapling":4,"minecraft:iron_sword":2,"minecraft:book":91,"minecraft:scaffolding":4,"minecraft:pumpkin":9,"zombie_extreme:whiskey":3,"bunker_down:underroot_stage_1":4,"zombie_extreme:trader_table":10,"minecraft:gravel":2,"minecraft:blast_furnace":1,"minecraft:spider_eye":2,"bunker_down:steel_block_slab":3,"pvz_zengarden:gardening_table":1,"minecraft:pumpkin_seeds":3,"minecraft:stone_axe":3,"minecraft:iron_helmet":4,"minecraft:melon_seeds":2,"minecraft:coal":25},"minecraft:crafted":{"minecraft:oak_planks":56,"pvz_zengarden:gardening_table":1,"minecraft:iron_boots":1,"minetraps:barbed_wire":16,"minecraft:chest":4,"minecraft:cooked_rabbit":1,"minecraft:oak_slab":18,"spartanweaponry:diamond_scythe":1,"minecraft:crafting_table":9,"minecraft:wooden_pickaxe":2,"minecraft:hay_block":7,"minecraft:iron_chestplate":1,"minecraft:shield":1,"minecraft:stick":24,"minecraft:iron_ingot":49,"minecraft:iron_pickaxe":2,"minetraps:nails":27,"minecraft:furnace":5,"minecraft:stone_pickaxe":3,"minecraft:wheat":171,"spartanweaponry:pole":4,"minecraft:iron_sword":1,"minecraft:bucket":1,"minecraft:stone_axe":1,"minecraft:acacia_boat":2,"minecraft:bread":36,"minecraft:air":0,"minecraft:jungle_planks":16,"minecraft:white_wool":13,"minecraft:iron_leggings":1,"firstaid:bandage":1,"minecraft:acacia_planks":72,"minecraft:diamond_chestplate":1},"minecraft:broken":{"minecraft:stone_pickaxe":1},"minecraft:custom":{"minecraft:interact_with_crafting_table":34,"minecraft:open_barrel":55,"minecraft:leave_game":12,"minecraft:time_since_death":20832,"minecraft:sprint_one_cm":352498,"minecraft:damage_blocked_by_shield":1435,"minecraft:drop":29,"minecraft:talked_to_villager":10,"minecraft:play_time":225648,"minecraft:deaths":17,"minecraft:jump":4123,"minecraft:walk_on_water_one_cm":25311,"minecraft:interact_with_furnace":24,"minecraft:interact_with_loom":9,"minecraft:sleep_in_bed":7,"minecraft:damage_dealt":8588,"minecraft:player_kills":3,"minecraft:crouch_one_cm":46332,"minecraft:mob_kills":35,"minecraft:climb_one_cm":38037,"minecraft:walk_one_cm":468685,"minecraft:sneak_time":21649,"minecraft:walk_under_water_one_cm":9274,"minecraft:boat_one_cm":135630,"minecraft:interact_with_blast_furnace":15,"minecraft:total_world_time":225648,"spartanshields:shield_bash_hits":2,"minecraft:tune_noteblock":2,"minecraft:interact_with_stonecutter":1,"minecraft:time_since_rest":21208,"minecraft:damage_taken":4131,"minecraft:trigger_trapped_chest":3,"minecraft:swim_one_cm":31649,"minecraft:fly_one_cm":721847,"minecraft:open_chest":139,"minecraft:fall_one_cm":109304},"minecraft:killed":{"minecraft:witch":1,"zombie_extreme:night_hunter":1,"minecraft:spider":1,"zombie_extreme:infected_juggernaut":1,"minecraft:skeleton":4,"zombie_extreme:clicker":1,"graveyard:acolyte":7,"zombie_extreme:goon":1,"minecraft:zombie":10,"alexsmobs:fly":1,"minecraft:glow_squid":1,"gore:zombie_without_mouth_and_arm":1,"zombie_extreme:infected_military":1,"undead_revamp2:thesomnolence":1,"zombie_extreme:assasin_black_ops":1},"minecraft:dropped":{"minecraft:oak_pressure_plate":2,"minecraft:cracked_polished_blackstone_bricks":1,"alexsmobs:animal_dictionary":2,"minecraft:rotten_flesh":1,"minecraft:oak_planks":2,"minecraft:brick_stairs":1,"zombie_extreme:golf_club":1,"minecraft:bread":18,"minecraft:wheat_seeds":3,"minecraft:coal":1,"pvz_zengarden:zengarden_guide":2,"minecraft:iron_door":1,"minecraft:acacia_planks":2,"minecraft:moss_carpet":1,"minecraft:bowl":3,"minecraft:shield":1,"minecraft:orange_terracotta":1,"minecraft:iron_chestplate":1,"minecraft:andesite":2,"minecraft:stone_pickaxe":1,"minecraft:wooden_pickaxe":1},"minecraft:killed_by":{"naturalist:rattlesnake":1,"minecraft:pufferfish":1,"graveyard:acolyte":2,"zombie_extreme:assasin_black_ops":2,"zombie_extreme:ram":1,"alexsmobs:rhinoceros":1,"minecraft:zombie":3,"minecraft:player":2,"minecraft:skeleton":2}},"DataVersion":3465}