{"stats":{"minecraft:crafted":{"minecraft:oak_planks":8,"zombie_extreme:bandage":5,"minecraft:crafting_table":3,"minecraft:wooden_pickaxe":1,"firstaid:plaster":3,"minecraft:stone_axe":1,"minecraft:jungle_planks":24,"minecraft:stick":8,"minecraft:stone_pickaxe":1,"minecraft:stone_sword":1},"minecraft:dropped":{"scguns:anthralite_ingot":2,"minecraft:wheat_seeds":3,"zombie_extreme:bandage":2,"zombie_extreme:rotten_apple":10,"zombie_extreme:soda_used":1,"zombie_extreme:golf_club":1,"zombie_extreme:pill_anti_hunger":1,"minecraft:wooden_pickaxe":1,"minecraft:iron_pickaxe":2,"firstaid:plaster":3,"minecraft:brown_concrete":2},"minecraft:killed":{"alexsmobs:raccoon":1,"minecraft:sheep":2,"zombie_extreme:parasite":1},"minecraft:mined":{"minecraft:glass_pane":2,"jeg:scrap_ore":1,"farmersdelight:wild_carrots":18,"minecraft:crafting_table":1,"minecraft:red_sand":1,"minecraft:melon":8,"minecraft:jungle_planks":1,"minecraft:jungle_log":6,"minecraft:light_gray_bed":2,"zombie_extreme:barbed_fence":2,"zombie_extreme:empty_cans":1,"minecraft:tall_grass":2,"minecraft:cobblestone":1,"farmersdelight:wild_tomatoes":4,"minecraft:oak_planks":6,"minecraft:furnace":1,"zombie_extreme:wooden_barricades":2,"minecraft:grass":7,"supplementaries:stick":2,"minecraft:oak_log":7,"minecraft:cocoa":2,"zombie_extreme:oil_shale_sand":11,"minecraft:sand":8,"minecraft:cobweb":24,"minecraft:stone":20,"minecraft:white_wool":1,"minecraft:oak_leaves":1,"minecraft:fern":1},"minecraft:custom":{"minecraft:interact_with_furnace":1,"minecraft:mob_kills":4,"minecraft:interact_with_crafting_table":15,"minecraft:open_barrel":1,"minecraft:leave_game":8,"minecraft:time_since_death":16678,"minecraft:sleep_in_bed":5,"minecraft:climb_one_cm":31600,"minecraft:time_since_rest":9499,"minecraft:sprint_one_cm":396154,"minecraft:damage_taken":2555,"minecraft:walk_one_cm":294309,"minecraft:drop":28,"minecraft:damage_dealt":1014,"minecraft:swim_one_cm":51450,"minecraft:fly_one_cm":315941,"minecraft:player_kills":2,"minecraft:open_chest":22,"minecraft:play_time":113574,"minecraft:crouch_one_cm":1529,"minecraft:deaths":4,"minecraft:sneak_time":1086,"minecraft:walk_under_water_one_cm":8293,"minecraft:jump":2026,"minecraft:walk_on_water_one_cm":29810,"minecraft:total_world_time":113574,"minecraft:fall_one_cm":48221},"minecraft:killed_by":{"minecraft:player":1,"zombie_extreme:revived":1,"zombie_extreme:assasin_black_ops":1,"zombie_extreme:ram":1},"minecraft:used":{"zombie_extreme:canned_soup":1,"zombie_extreme:butcher_knife":7,"zombie_extreme:barbed_fence":1,"minecraft:red_sand":1,"minecraft:stone_sword":24,"minecraft:stone_pickaxe":18,"minecraft:oak_planks":5,"farmersdelight:golden_knife":9,"minecraft:wooden_pickaxe":21,"zombie_extreme:wooden_barricades":2,"zombie_extreme:chips":2,"minecraft:white_wool":1,"minecraft:stick":3,"minecraft:mutton":3,"minecraft:sand":5,"zombie_extreme:canned_beans":1,"minecraft:crafting_table":4,"zombie_extreme:bandage":3,"minecraft:oak_log":1,"minecraft:melon_slice":3,"zombie_extreme:baseball_bat":7,"minecraft:stone_axe":10,"minecraft:cobblestone":1,"minecraft:furnace":1,"minecraft:oak_sapling":1,"zombie_extreme:soda":1,"minecraft:egg":1,"minecraft:light_gray_bed":2,"zombie_extreme:empty_cans":1},"minecraft:picked_up":{"zombie_extreme:frying_pan":1,"minecraft:cocoa_beans":4,"zombie_extreme:wooden_barricades":2,"minecraft:crafting_table":1,"zombie_extreme:pipe":1,"minecraft:jungle_log":6,"minecraft:wooden_pickaxe":2,"minecraft:brown_concrete":2,"zombie_extreme:baseball_bat":2,"minecraft:oak_log":6,"zombie_extreme:bronze_nugget":2,"minecraft:brick":1,"minecraft:gunpowder":3,"zombie_extreme:crowbar":1,"minecraft:string":54,"minecraft:paper":4,"minecraft:wooden_sword":1,"zombie_extreme:chips":2,"zombie_extreme:rubber_sheet":1,"zombie_extreme:golf_club":1,"minecraft:red_sand":1,"minecraft:wheat_seeds":8,"minecraft:stone_pickaxe":1,"zombie_extreme:barbed_fence":2,"minecraft:iron_pickaxe":2,"zombie_extreme:cloth":10,"zombie_extreme:oil_shale":31,"minecraft:melon_slice":33,"minecraft:sugar_cane":88,"farmersdelight:golden_knife":2,"minecraft:oak_planks":10,"minecraft:furnace":1,"zombie_extreme:canned_beans":1,"firstaid:plaster":2,"minecraft:stick":2,"scguns:anthralite_ingot":4,"minecraft:bowl":2,"zombie_extreme:empty_cans":1,"minecraft:jungle_planks":11,"minecraft:sand":10,"farmersdelight:tomato_seeds":13,"zombie_extreme:tin_plate":1,"minecraft:carrot":18,"zombie_extreme:green_apple":1,"minecraft:light_gray_bed":5,"minecraft:arrow":4,"scguns:gun_bench":3,"pvz_zengarden:zengarden_guide":3,"zombie_extreme:rotten_apple":10,"minecraft:white_terracotta":2,"minecraft:terracotta":4,"minecraft:oak_sapling":1,"zombie_extreme:butcher_knife":2,"minecraft:mutton":17,"minecraft:white_wool":9,"minecraft:cobblestone":38}},"DataVersion":3465}